{
  "sensors": {
    "Joint6DOF": {
      "default": {}
    },
    "RotatingRaySensor": {
      "default": {
        "bands": 16,
        "draw_rays": false,
        "horizontal_offset": 0,
        "opening_width": 6.283185307,
        "horizontal_resolution": null,
        "lasers": 24,
        "max_distance": 5.0,
        "min_distance": null,
        "opening_height": 6.283185307,
        "vertical_offset": 0
      },
      "VLP16": {
        "bands": null,
        "draw_rays": false,
        "horizontal_offset": 0,
        "opening_width": 6.283185307,
        "horizontal_resolution": 0.1,
        "lasers": 16,
        "max_distance": 100.0,
        "min_distance": null,
        "opening_height": 0.523598776,
        "vertical_offset": -0.261799388,
        "rate": 20
      }
    },
    "CameraSensor": {
      "default": {
        "height": 480,
        "width": 640,
        "hud_height": 240,
        "hud_width": 0,
        "opening_height": 90,
        "opening_width": 90,
        "depth_image": true,
        "show_cam": false,
        "frame_offset": 1
      }
    },
    "IMU": {
      "default": {}
    },
    "MotorCurrent": {
      "default": {}
    },
    "JointPosition": {
      "default": {}
    },
    "JointVelocity": {
      "default": {}
    },
    "NodeContact": {
      "default": {}
    },
    "NodeContactForce": {
      "default": {}
    },
    "NodeCOM": {
      "default": {}
    },
    "NodePosition": {
      "default": {}
    },
    "GPS": {
      "default": {}
    },
    "NodeRotation": {
      "default": {}
    },
    "ScanningSonar": {
      "default": {
        "width": 64,
        "height": 512,
        "resolution": 0.1,
        "min_distance": 0,
        "max_distance": 100.0,
        "hud_idx": 0,
        "update_rate": 10,
        "gain": 1,
        "show_cam": false,
        "only_ray": false,
        "extension": [
          0.01,
          0.004,
          0.004
        ],
        "left_limit": 180,
        "right_limit": -180,
        "ping_pong_mode": false
      }
    },
    "MultiLevelLaserRangeFinder": {
      "default": {
        "num_rays_vertical": 32,
        "num_rays_horizontal": 1900,
        "rtt_resolution_x": 512,
        "rtt_resolution_y": 256,
        "vertical_opening_angle": 40,
        "horizontal_opening_angle": "2*1899/1900",
        "max_distance": 100.0
      }
    },
    "LogicalCamera": {
      "default": {
        "opening_height": 90,
        "opening_width": 90
      }
    },
    "JointLoad": {
      "default": {}
    },
    "JointTorque": {
      "default": {}
    },
    "JointAVGTorque": {
      "default": {}
    },
    "Contact": {
      "default": {}
    },
    "NodeVelocity": {
      "default": {}
    },
    "NodeAngularVelocity": {
      "default": {}
    },
    "Altimeter": {
      "default": {}
    },
    "Magnetometer": {
      "default": {}
    },
    "WirelessTransceiver": {
      "default": {}
    },
    "RFIDSensor": {
      "default": {}
    },
    "RFIDTag": {
      "default": {}
    }
  },
  "motors": {
    "default": {
      "velocity": 3.141,
      "effort": 50.0,
      "p": 20.0,
      "i": 0.0,
      "d": 0.0,
      "build_type": "BLDC",
      "type": "position"
    },
    "position": {
      "velocity": 3.141,
      "effort": 50.0,
      "p": 20.0,
      "i": 0.0,
      "d": 0.0,
      "build_type": "STEP",
      "type": "position"
    },
    "velocity": {
      "velocity": 3.141,
      "effort": 50.0,
      "p": 20.0,
      "i": 0.0,
      "d": 0.0,
      "build_type": "BLDC",
      "type": "velocity"
    },
    "force": {
      "velocity": 3.141,
      "effort": 150.0,
      "p": 20.0,
      "i": 0.0,
      "d": 0.0,
      "build_type": "AC",
      "type": "force"
    }
  },
  "joints": {
    "fixed": {
      "joint_type": "fixed",
      "axis": null,
      "limit": null,
      "cut_joint": false,
      "dynamics": null
    },
    "revolute": {
      "joint_type": "revolute",
      "axis": [1, 0, 0],
      "limit": {
        "effort": 500.0,
        "velocity": 3.1415926,
        "lower": -3.1415926,
        "upper": 3.1415926
      },
      "cut_joint": false,
      "dynamics": {
        "damping": null,
        "friction": null,
        "spring_stiffness": null,
        "spring_reference": null
      }
    },
    "prismatic": {
      "joint_type": "prismatic",
      "axis": [0, 0, 1],
      "limit": {
        "effort": 500.0,
        "velocity": 0.1,
        "lower": -0.1,
        "upper": 0.1
      },
      "cut_joint": false,
      "dynamics": {
        "damping": null,
        "friction": null,
        "spring_stiffness": null,
        "spring_reference": null
      }
    },
    "continuous": {
      "joint_type": "continuous",
      "axis": [1, 0, 0],
      "limit": null,
      "cut_joint": false,
      "dynamics": {
        "damping": null,
        "friction": null,
        "spring_stiffness": null,
        "spring_reference": null
      }
    },
    "floating": {
      "joint_type": "floating",
      "axis": null,
      "limit": null,
      "cut_joint": false,
      "dynamics": {
        "damping": null,
        "friction": null,
        "spring_stiffness": null,
        "spring_reference": null
      }
    },
    "planar": {
      "joint_type": "planar",
      "axis": [1, 0, 0],
      "limit": null,
      "cut_joint": false,
      "dynamics": {
        "damping": null,
        "friction": null,
        "spring_stiffness": null,
        "spring_reference": null
      }
    }
  },
  "ci_test": {
    "tolerances": {
      "default": 0.01,
      "mass": 0.01,
      "rad": 0.03,
      "distance": 0.003
    },
    "tests": [
      "process_double_check",
      "compare_link_masses",
      "compare_link_transformations",
      "topological_self_consistency",
      "compare_amount_joints",
      {
        "hyrodynChecks": [
          "load_in_hyrodyn",
          "compare_masses",
          "compare_com",
          "compare_torques"
        ]
      }
    ]
  },
  "ci_deploy": {
    "do_not_deploy": false,
    "mr_target_branch": "develop",
    "mr_title": "[Phobos-CI] New pipeline model",
    "mr_description": "New model update generated by the phobos-CI-pipeline",
    "keep_files": []
  },
  "export_config": {
    "default": [
      {
        "type": "urdf",
        "mesh_format": "input_type",
        "additional_meshes": [
          "bobj"
        ],
        "link_in_smurf": true,
        "include_cut_joints": false,
        "filename_suffix": "",
        "ros_pathes": false,
        "enforce_zero": false
      },
      {
        "type": "sdf",
        "mesh_format": "input_type",
        "additional_meshes": [
          "bobj"
        ],
        "link_in_smurf": false,
        "include_cut_joints": false,
        "ros_pathes": false,
        "enforce_zero": false
      },
      {
        "type": "joint_limits",
        "joints": "ALL",
        "file_name": "joint_limits.yml"
      },
      {
        "type": "submodel",
        "name": "abstract_model",
        "abstract_model": true
      },
      {
        "type": "pdf"
      }
    ],
    "minimal": [
      {
        "type": "urdf",
        "mesh_format": "input_type",
        "additional_meshes": [],
        "link_in_smurf": true,
        "include_cut_joints": false,
        "ros_pathes": false,
        "enforce_zero": false
      }
    ],
    "ros": [
      {
        "type": "urdf",
        "mesh_format": "stl",
        "additional_meshes": [
          "bobj"
        ],
        "link_in_smurf": true,
        "include_cut_joints": false,
        "filename_suffix": "",
        "ros_pathes": true,
        "enforce_zero": false
      },
      {
        "type": "sdf",
        "mesh_format": "stl",
        "additional_meshes": [
          "bobj"
        ],
        "link_in_smurf": false,
        "include_cut_joints": false,
        "ros_pathes": true,
        "enforce_zero": false
      },
      {
        "type": "joint_limits",
        "joints": "ALL",
        "file_name": "joint_limits.yml"
      },
      {
        "type": "pdf"
      }
    ],
    "compatibility": [
      {
        "type": "urdf",
        "mesh_format": "obj",
        "additional_meshes": [
          "bobj"
        ],
        "link_in_smurf": true,
        "include_cut_joints": false,
        "filename_suffix": "",
        "ros_pathes": false,
        "enforce_zero": false
      },
      {
        "type": "urdf",
        "mesh_format": "stl",
        "include_cut_joints": false,
        "filename_suffix": "_stl",
        "ros_pathes": false,
        "enforce_zero": false
      },
      {
        "type": "sdf",
        "mesh_format": "obj",
        "additional_meshes": [
          "bobj"
        ],
        "link_in_smurf": false,
        "include_cut_joints": false,
        "ros_pathes": false,
        "enforce_zero": false
      },
      {
        "type": "joint_limits",
        "joints": "ALL",
        "file_name": "joint_limits.yml"
      },
      {
        "type": "submodel",
        "name": "abstract_model",
        "abstract_model": true
      },
      {
        "type": "pdf"
      }
    ]
  },
  "rel_mesh_pathes": {
    "iv": "meshes/iv",
    "stl": "meshes/stl",
    "obj": "meshes/obj",
    "dae": "meshes/dae",
    "bobj": "meshes/bobj",
    "mars_obj": "meshes/mars_obj",
    "input_type": "meshes"
  }
}
